code,en,fr,de,es,ar,zh,ru,jp,sw
AA,Private use,Usage privé,Privatnutzung,Uso privado,استخدام خاص,私人使用,Частное использование,私用,Matumizi binafsi
AC,Ascension Island,Île de l'Ascension,Ascension,Isla Ascensión,جزيرة أسنسيون,阿森松岛,Остров Вознесения,アセンション島,Kisiwa cha Ascension
AD,Andorra,Andorre,Andorra,Andorra,أندورا,安道尔,Андорра,アンドラ,Andora
AE,United Arab Emirates,Émirats arabes unis,Vereinigte Arabische Emirate,Emiratos Árabes Unidos,الإمارات العربية المتحدة,阿拉伯联合酋长国,Объединённые Арабские Эмираты,アラブ首長国連邦,Falme za Kiarabu
AF,Afghanistan,Afghanistan,Afghanistan,Afganistán,أفغانستان,阿富汗,Афганистан,アフガニスタン,Afghanistan
AG,Antigua and Barbuda,Antigua-et-Barbuda,Antigua und Barbuda,Antigua y Barbuda,أنتيغوا وبربودا,安提瓜和巴布达,Антигуа и Барбуда,アンティグア・バーブーダ,Antigua na Barbuda
AI,Anguilla,Anguilla,Anguilla,Anguila,أنغيلا,安圭拉,Ангилья,アンギラ,Anguilla
AL,Albania,Albanie,Albanien,Albania,ألبانيا,阿尔巴尼亚,Албания,アルバニア,Albania
AM,Armenia,Arménie,Armenien,Armenia,أرمينيا,亚美尼亚,Армения,アルメニア,Armenia
AN,Netherlands Antilles,Antilles néerlandaises,Niederländische Antillen,Antillas Neerlandesas,جزر الأنتيل الهولندية,荷属安的列斯,Нидерландские Антильские острова,オランダ領アンティル,Antili za Kiholanzi
AO,Angola,Angola,Angola,Angola,أنغولا,安哥拉,Ангола,アンゴラ,Angola
AQ,Antarctica,Antarctique,Antarktis,Antártida,أنتاركتيكا,南极洲,Антарктида,南極大陸,Antaktika
AR,Argentina,Argentine,Argentinien,Argentina,الأرجنتين,阿根廷,Аргентина,アルゼンチン,Ajentina
AS,American Samoa,Samoa américaines,Amerikanisch-Samoa,Samoa Americana,ساموا الأمريكية,美属萨摩亚,Американское Самоа,米領サモア,Samoa ya Marekani
AT,Austria,Autriche,Österreich,Austria,النمسا,奥地利,Австрия,オーストリア,Austria
AU,Australia,Australie,Australien,Australia,أستراليا,澳大利亚,Австралия,オーストラリア,Australia
AW,Aruba,Aruba,Aruba,Aruba,أروبا,阿鲁巴,Аруба,アルバ,Aruba
AX,Åland Islands,Îles Åland,Ålandinseln,Islas Åland,جزر آلاند,奥兰群岛,Аландские острова,オーランド諸島,Visiwa vya Åland
AZ,Azerbaijan,Azerbaïdjan,Aserbaidschan,Azerbaiyán,أذربيجان,阿塞拜疆,Азербайджан,アゼルバイジャン,Azabajani
BA,Bosnia and Herzegovina,Bosnie-Herzégovine,Bosnien und Herzegowina,Bosnia y Herzegovina,البوسنة والهرسك,波斯尼亚和黑塞哥维那,Босния и Герцеговина,ボスニア・ヘルツェゴビナ,Bosnia na Herzegovina
BB,Barbados,Barbade,Barbados,Barbados,بربادوس,巴巴多斯,Барбадос,バルバドス,Babados
BD,Bangladesh,Bangladesh,Bangladesch,Bangladés,بنغلاديش,孟加拉国,Бангладеш,バングラデシュ,Bangladeshi
BE,Belgium,Belgique,Belgien,Bélgica,بلجيكا,比利时,Бельгия,ベルギー,Ubelgiji
BF,Burkina Faso,Burkina Faso,Burkina Faso,Burkina Faso,بوركينا فاسو,布基纳法索,Буркина-Фасо,ブルキナファソ,Burkina Faso
BG,Bulgaria,Bulgarie,Bulgarien,Bulgaria,بلغاريا,保加利亚,Болгария,ブルガリア,Bulgaria
BH,Bahrain,Bahreïn,Bahrain,Baréin,البحرين,巴林,Бахрейн,バーレーン,Bahareni
BI,Burundi,Burundi,Burundi,Burundi,بوروندي,布隆迪,Бурунди,ブルンジ,Burundi
BJ,Benin,Bénin,Benin,Benín,بنين,贝宁,Бенин,ベナン,Benini
BL,Saint Barthélemy,Saint-Barthélemy,Saint-Barthélemy,San Bartolomé,سان بارتليمي,圣巴泰勒米,Сен-Бартелеми,サン・バルテルミー,Saint Barthélemy
BM,Bermuda,Bermudes,Bermuda,Bermudas,برمودا,百慕大,Бермудские острова,バミューダ,Bermuda
BN,Brunei Darussalam,Brunei Darussalam,Brunei Darussalam,Brunéi Darussalam,بروناي,文莱,Бруней-Даруссалам,ブルネイ,Brunei
BO,Bolivia,Bolivie,Bolivien,Bolivia,بوليفيا,玻利维亚,Боливия,ボリビア,Bolivia
"BQ","Bonaire, Sint Eustatius and Saba","Bonaire, Saint-Eustache et Saba","Bonaire, Sint Eustatius und Saba","Bonaire, San Eustaquio y Saba",بونير وسانت يوستاتيوس وسابا,博奈尔圣尤斯特歇斯和萨巴,"Бонэйр, Синт-Эстатиус и Саба",ボネール・シント・ユースタティウス・サバ,Bonaire Sint Eustatius na Saba
BR,Brazil,Brésil,Brasilien,Brasil,البرازيل,巴西,Бразилия,ブラジル,Brazili
BS,Bahamas,Bahamas,Bahamas,Bahamas,جزر البهاما,巴哈马,Багамские Острова,バハマ,Bahama
BT,Bhutan,Bhoutan,Bhutan,Bután,بوتان,不丹,Бутан,ブータン,Bhutani
BU,Burma,Birmanie,Birma,Birmania,بورما,缅甸,Бирма,ビルマ,Burma
BV,Bouvet Island,Île Bouvet,Bouvetinsel,Isla Bouvet,جزيرة بوفيه,布韦岛,Остров Буве,ブーベ島,Kisiwa cha Bouvet
BW,Botswana,Botswana,Botsuana,Botsuana,بوتسوانا,博茨瓦纳,Ботсвана,ボツワナ,Botswana
BY,Belarus,Biélorussie,Belarus,Bielorrusia,بيلاروس,白俄罗斯,Беларусь,ベラルーシ,Belarusi
BZ,Belize,Belize,Belize,Belice,بليز,伯利兹,Белиз,ベリーズ,Belize
CA,Canada,Canada,Kanada,Canadá,كندا,加拿大,Канада,カナダ,Kanada
CC,Cocos (Keeling) Islands,Îles Cocos (Keeling),Kokosinseln (Keelinginseln),Islas Cocos (Keeling),جزر كوكوس,科科斯（基林）群岛,Кокосовые острова,ココス（キーリング）諸島,Visiwa vya Cocos
CD,The Democratic Republic of the Congo,République démocratique du Congo,Demokratische Republik Kongo,República Democrática del Congo,جمهورية الكونغو الديمقراطية,刚果民主共和国,Демократическая Республика Конго,コンゴ民主共和国,Jamhuri ya Kidemokrasia ya Kongo
CF,Central African Republic,République centrafricaine,Zentralafrikanische Republik,República Centroafricana,جمهورية أفريقيا الوسطى,中非共和国,Центральноафриканская Республика,中央アフリカ共和国,Jamhuri ya Afrika ya Kati
CG,Congo,Congo,Kongo,Congo,الكونغو,刚果,Конго,コンゴ共和国,Kongo
CH,Switzerland,Suisse,Schweiz,Suiza,سويسرا,瑞士,Швейцария,スイス,Uswisi
CI,Côte d'Ivoire,Côte d'Ivoire,Côte d'Ivoire,Costa de Marfil,ساحل العاج,科特迪瓦,Кот-д'Ивуар,コートジボワール,Cote d'Ivoire
CK,Cook Islands,Îles Cook,Cookinseln,Islas Cook,جزر كوك,库克群岛,Острова Кука,クック諸島,Visiwa vya Cook
CL,Chile,Chili,Chile,Chile,تشيلي,智利,Чили,チリ,Chile
CM,Cameroon,Cameroun,Kamerun,Camerún,الكاميرون,喀麦隆,Камерун,カメルーン,Kameruni
CN,China,Chine,China,China,الصين,中国,Китай,中国,China
CO,Colombia,Colombie,Kolumbien,Colombia,كولومبيا,哥伦比亚,Колумбия,コロンビア,Kolombia
CP,Clipperton Island,Île Clipperton,Clippertoninsel,Isla Clipperton,جزيرة كليبرتون,克利珀顿岛,Остров Клиппертон,クリッパートン島,Kisiwa cha Clipperton
CQ,Sark,Sercq,Sark,Sark,سارك,萨克岛,Сарк,サーク島,Sark
CR,Costa Rica,Costa Rica,Costa Rica,Costa Rica,كوستاريكا,哥斯达黎加,Коста-Рика,コスタリカ,Kostarika
CS,Serbia and Montenegro,Serbie-et-Monténégro,Serbien und Montenegro,Serbia y Montenegro,صربيا والجبل الأسود,塞尔维亚和黑山,Сербия и Черногория,セルビア・モンテネグロ,Serbia na Montenegro
CU,Cuba,Cuba,Kuba,Cuba,كوبا,古巴,Куба,キューバ,Kuba
CV,Cabo Verde,Cabo Verde,Kap Verde,Cabo Verde,الرأس الأخضر,佛得角,Кабо-Верде,カーボベルデ,Cabo Verde
CW,Curaçao,Curaçao,Curaçao,Curazao,كوراساو,库拉索,Кюрасао,キュラソー,Curaçao
CX,Christmas Island,Île Christmas,Weihnachtsinsel,Isla de Navidad,جزيرة عيد الميلاد,圣诞岛,Остров Рождества,クリスマス島,Kisiwa cha Krismasi
CY,Cyprus,Chypre,Zypern,Chipre,قبرص,塞浦路斯,Кипр,キプロス,Kupro
CZ,Czechia,Tchéquie,Tschechien,Chequia,التشيك,捷克,Чехия,チェコ,Ucheki
DD,German Democratic Republic,République démocratique allemande,Deutsche Demokratische Republik,República Democrática Alemana,جمهورية ألمانيا الديمقراطية,德意志民主共和国,Германская Демократическая Республика,ドイツ民主共和国,Jamhuri ya Kidemokrasia ya Ujerumani
DE,Germany,Allemagne,Deutschland,Alemania,ألمانيا,德国,Германия,ドイツ,Ujerumani
DG,Diego Garcia,Diego Garcia,Diego Garcia,Diego García,دييغو غارسيا,迪戈加西亚岛,Диего-Гарсия,ディエゴガルシア,Diego Garcia
DJ,Djibouti,Djibouti,Dschibuti,Yibuti,جيبوتي,吉布提,Джибути,ジブチ,Jibuti
DK,Denmark,Danemark,Dänemark,Dinamarca,الدنمارك,丹麦,Дания,デンマーク,Denmaki
DM,Dominica,Dominique,Dominica,Dominica,دومينيكا,多米尼克,Доминика,ドミニカ国,Dominika
DO,Dominican Republic,République dominicaine,Dominikanische Republik,República Dominicana,جمهورية الدومينيكان,多米尼加共和国,Доминиканская Республика,ドミニカ共和国,Jamhuri ya Dominika
DZ,Algeria,Algérie,Algerien,Argelia,الجزائر,阿尔及利亚,Алжир,アルジェリア,Aljeria
"EA","Ceuta, Melilla",Ceuta et Melilla,Ceuta und Melilla,Ceuta y Melilla,سبتة ومليلية,休达和梅利利亚,Сеута и Мелилья,セウタ・メリリャ,Ceuta na Melilla
EC,Ecuador,Équateur,Ecuador,Ecuador,الإكوادور,厄瓜多尔,Эквадор,エクアドル,Ekwado
EE,Estonia,Estonie,Estland,Estonia,إستونيا,爱沙尼亚,Эстония,エストニア,Estonia
EG,Egypt,Égypte,Ägypten,Egipto,مصر,埃及,Египет,エジプト,Misri
EH,Western Sahara,Sahara occidental,Westsahara,Sáhara Occidental,الصحراء الغربية,西撒哈拉,Западная Сахара,西サハラ,Sahara Magharibi
ER,Eritrea,Érythrée,Eritrea,Eritrea,إريتريا,厄立特里亚,Эритрея,エリトリア,Eritrea
ES,Spain,Espagne,Spanien,España,إسبانيا,西班牙,Испания,スペイン,Uhispania
ET,Ethiopia,Éthiopie,Äthiopien,Etiopía,إثيوبيا,埃塞俄比亚,Эфиопия,エチオピア,Uhabeshi
EU,European Union,Union européenne,Europäische Union,Unión Europea,الاتحاد الأوروبي,欧盟,Европейский союз,欧州連合,Umoja wa Ulaya
EZ,Eurozone,Zone euro,Eurozone,Eurozona,منطقة اليورو,欧元区,Еврозона,ユーロ圏,Eneo la Euro
FI,Finland,Finlande,Finnland,Finlandia,فنلندا,芬兰,Финляндия,フィンランド,Ufini
FJ,Fiji,Fidji,Fidschi,Fiyi,فيجي,斐济,Фиджи,フィジー,Fiji
FK,Falkland Islands (Malvinas),Îles Malouines (Falkland),Falklandinseln (Malwinen),Islas Malvinas (Falkland),جزر فوكلاند,福克兰群岛,Фолклендские острова,フォークランド諸島,Visiwa vya Falkland
FM,Federated States of Micronesia,États fédérés de Micronésie,Föderierte Staaten von Mikronesien,Estados Federados de Micronesia,ولايات ميكرونيزيا المتحدة,密克罗尼西亚联邦,Федеративные Штаты Микронезии,ミクロネシア連邦,Mikronesia
FO,Faroe Islands,Îles Féroé,Färöer,Islas Feroe,جزر فارو,法罗群岛,Фарерские острова,フェロー諸島,Visiwa vya Faroe
FR,France,France,Frankreich,Francia,فرنسا,法国,Франция,フランス,Ufaransa
FX,Metropolitan France,France métropolitaine,Metropolitan-Frankreich,Francia metropolitana,فرنسا الأوروبية,法国本土,Метрополия Франция,フランス本土,Ufaransa Bara
GA,Gabon,Gabon,Gabun,Gabón,الغابون,加蓬,Габон,ガボン,Gaboni
GB,United Kingdom,Royaume-Uni,Vereinigtes Königreich,Reino Unido,المملكة المتحدة,英国,Великобритания,イギリス,Uingereza
GD,Grenada,Grenade,Grenada,Granada,غرينادا,格林纳达,Гренада,グレナダ,Grenada
GE,Georgia,Géorgie,Georgien,Georgia,جورجيا,格鲁吉亚,Грузия,ジョージア,Jojia
GF,French Guiana,Guyane française,Französisch-Guayana,Guayana Francesa,غويانا الفرنسية,法属圭亚那,Французская Гвиана,仏領ギアナ,Gwiyana ya Ufaransa
GG,Guernsey,Guernesey,Guernsey,Guernsey,غيرنزي,根西岛,Гернси,ガーンジー,Guernsey
GH,Ghana,Ghana,Ghana,Ghana,غانا,加纳,Гана,ガーナ,Ghana
GI,Gibraltar,Gibraltar,Gibraltar,Gibraltar,جبل طارق,直布罗陀,Гибралтар,ジブラルタル,Jibralta
GL,Greenland,Groenland,Grönland,Groenlandia,غرينلاند,格陵兰,Гренландия,グリーンランド,Grinlandi
GM,Gambia,Gambie,Gambia,Gambia,غامبيا,冈比亚,Гамбия,ガンビア,Gambia
GN,Guinea,Guinée,Guinea,Guinea,غينيا,几内亚,Гвинея,ギニア,Gine
GP,Guadeloupe,Guadeloupe,Guadeloupe,Guadalupe,غوادلوب,瓜德罗普,Гваделупа,グアドループ,Gwadelupe
GQ,Equatorial Guinea,Guinée équatoriale,Äquatorialguinea,Guinea Ecuatorial,غينيا الاستوائية,赤道几内亚,Экваториальная Гвинея,赤道ギニア,Gine ya Ikweta
GR,Greece,Grèce,Griechenland,Grecia,اليونان,希腊,Греция,ギリシャ,Ugiriki
GS,South Georgia and the South Sandwich Islands,Géorgie du Sud-et-les Îles Sandwich du Sud,Südgeorgien und die Südlichen Sandwichinseln,Georgia del Sur y las Islas Sandwich del Sur,جورجيا الجنوبية وجزر ساندويتش الجنوبية,南乔治亚和南桑威奇群岛,Южная Георгия и Южные Сандвичевы Острова,サウスジョージア・サウスサンドウィッチ諸島,Jojia Kusini na Visiwa vya Sandwich Kusini
GT,Guatemala,Guatemala,Guatemala,Guatemala,غواتيمالا,危地马拉,Гватемала,グアテマラ,Guatemala
GU,Guam,Guam,Guam,Guam,غوام,关岛,Гуам,グアム,Guam
GW,Guinea-Bissau,Guinée-Bissau,Guinea-Bissau,Guinea-Bisáu,غينيا بيساو,几内亚比绍,Гвинея-Бисау,ギニアビサウ,Gine Bisau
GY,Guyana,Guyana,Guyana,Guyana,غيانا,圭亚那,Гайана,ガイアナ,Guyana
HK,Hong Kong,Hong Kong,Hongkong,Hong Kong,هونغ كونغ,香港,Гонконг,香港,Hong Kong
HM,Heard Island and McDonald Islands,Îles Heard-et-MacDonald,Heard und McDonaldinseln,Islas Heard y McDonald,جزيرة هيرد وجزر ماكدونالد,赫德岛和麦克唐纳群岛,Остров Херд и Острова Макдональд,ハード島・マクドナルド諸島,Kisiwa cha Heard na Visiwa vya McDonald
HN,Honduras,Honduras,Honduras,Honduras,هندوراس,洪都拉斯,Гондурас,ホンジュラス,Hondurasi
HR,Croatia,Croatie,Kroatien,Croacia,كرواتيا,克罗地亚,Хорватия,クロアチア,Kroeshia
HT,Haiti,Haïti,Haiti,Haití,هايتي,海地,Гаити,ハイチ,Haiti
HU,Hungary,Hongrie,Ungarn,Hungría,المجر,匈牙利,Венгрия,ハンガリー,Hungaria
IC,Canary Islands,Îles Canaries,Kanarische Inseln,Islas Canarias,جزر الكناري,加那利群岛,Канарские острова,カナリア諸島,Visiwa vya Kanari
ID,Indonesia,Indonésie,Indonesien,Indonesia,إندونيسيا,印度尼西亚,Индонезия,インドネシア,Indonesia
IE,Ireland,Irlande,Irland,Irlanda,أيرلندا,爱尔兰,Ирландия,アイルランド,Ayalandi
IL,Israel,Israël,Israel,Israel,إسرائيل,以色列,Израиль,イスラエル,Israeli
IM,Isle of Man,Île de Man,Isle of Man,Isla de Man,جزيرة مان,马恩岛,Остров Мэн,マン島,Kisiwa cha Man
IN,India,Inde,Indien,India,الهند,印度,Индия,インド,India
IO,British Indian Ocean Territory,Territoire britannique de l'océan Indien,Britisches Territorium im Indischen Ozean,Territorio Británico del Océano Índico,إقليم المحيط الهندي البريطاني,英属印度洋领地,Британская территория в Индийском океане,英領インド洋地域,Eneo la Uingereza katika Bahari Hindi
IQ,Iraq,Irak,Irak,Irak,العراق,伊拉克,Ирак,イラク,Iraki
IR,Islamic Republic of Iran,République islamique d'Iran,Islamische Republik Iran,República Islámica de Irán,جمهورية إيران الإسلامية,伊朗伊斯兰共和国,Исламская Республика Иран,イラン・イスラム共和国,Jamhuri ya Kiislamu ya Iran
IS,Iceland,Islande,Island,Islandia,آيسلندا,冰岛,Исландия,アイスランド,Aisilandi
IT,Italy,Italie,Italien,Italia,إيطاليا,意大利,Италия,イタリア,Italia
JE,Jersey,Jersey,Jersey,Jersey,جيرزي,泽西岛,Джерси,ジャージー,Jersey
JM,Jamaica,Jamaïque,Jamaika,Jamaica,جامايكا,牙买加,Ямайка,ジャマイカ,Jamaika
JO,Jordan,Jordanie,Jordanien,Jordania,الأردن,约旦,Иордания,ヨルダン,Jordani
JP,Japan,Japon,Japan,Japón,اليابان,日本,Япония,日本,Japani
KE,Kenya,Kenya,Kenia,Kenia,كينيا,肯尼亚,Кения,ケニア,Kenya
KG,Kyrgyzstan,Kirghizistan,Kirgisistan,Kirguistán,قيرغيزستان,吉尔吉斯斯坦,Киргизия,キルギス,Kirigizistani
KH,Cambodia,Cambodge,Kambodscha,Camboya,كمبوديا,柬埔寨,Камбоджа,カンボジア,Kambodia
KI,Kiribati,Kiribati,Kiribati,Kiribati,كيريباتي,基里巴斯,Кирибати,キリバス,Kiribati
KM,Comoros,Comores,Komoren,Comoras,جزر القمر,科摩罗,Коморские Острова,コモロ,Komoro
KN,Saint Kitts and Nevis,Saint-Kitts-et-Nevis,St. Kitts und Nevis,San Cristóbal y Nieves,سانت كيتس ونيفيس,圣基茨和尼维斯,Сент-Китс и Невис,セントクリストファー・ネイビス,Saint Kitts na Nevis
KP,Democratic People's Republic of Korea,République populaire démocratique de Corée,Demokratische Volksrepublik Korea,República Popular Democrática de Corea,جمهورية كوريا الشعبية الديمقراطية,朝鲜民主主义人民共和国,Корейская Народно-Демократическая Республика,朝鮮民主主義人民共和国,Jamhuri ya Watu wa Kidemokrasia ya Korea
KR,Republic of Korea,République de Corée,Republik Korea,República de Corea,جمهورية كوريا,大韩民国,Республика Корея,大韓民国,Jamhuri ya Korea
KW,Kuwait,Koweït,Kuwait,Kuwait,الكويت,科威特,Кувейт,クウェート,Kuwait
KY,Cayman Islands,Îles Caïmans,Kaimaninseln,Islas Caimán,جزر كايمان,开曼群岛,Каймановы острова,ケイマン諸島,Visiwa vya Cayman
KZ,Kazakhstan,Kazakhstan,Kasachstan,Kazajistán,كازاخستان,哈萨克斯坦,Казахстан,カザフスタン,Kazakistani
LA,Lao People's Democratic Republic,République démocratique populaire lao,Demokratische Volksrepublik Laos,República Democrática Popular Lao,جمهورية لاو الديمقراطية الشعبية,老挝人民民主共和国,Лаосская Народно-Демократическая Республика,ラオス人民民主共和国,Jamhuri ya Kidemokrasia ya Watu wa Lao
LB,Lebanon,Liban,Libanon,Líbano,لبنان,黎巴嫩,Ливан,レバノン,Lebanoni
LC,Saint Lucia,Sainte-Lucie,St. Lucia,Santa Lucía,سانت لوسيا,圣卢西亚,Сент-Люсия,セントルシア,Saint Lucia
LI,Liechtenstein,Liechtenstein,Liechtenstein,Liechtenstein,ليختنشتاين,列支敦士登,Лихтенштейн,リヒテンシュタイン,Liechtenstein
LK,Sri Lanka,Sri Lanka,Sri Lanka,Sri Lanka,سريلانكا,斯里兰卡,Шри-Ланка,スリランカ,Sri Lanka
LR,Liberia,Libéria,Liberia,Liberia,ليبيريا,利比里亚,Либерия,リベリア,Liberia
LS,Lesotho,Lesotho,Lesotho,Lesoto,ليسوتو,莱索托,Лесото,レソト,Lesotho
LT,Lithuania,Lituanie,Litauen,Lituania,ليتوانيا,立陶宛,Литва,リトアニア,Lithuania
LU,Luxembourg,Luxembourg,Luxemburg,Luxemburgo,لوكسمبورغ,卢森堡,Люксембург,ルクセンブルク,Luxemburg
LV,Latvia,Lettonie,Lettland,Letonia,لاتفيا,拉脱维亚,Латвия,ラトビア,Latvia
LY,Libya,Libye,Libyen,Libia,ليبيا,利比亚,Ливия,リビア,Libya
MA,Morocco,Maroc,Marokko,Marruecos,المغرب,摩洛哥,Марокко,モロッコ,Moroko
MC,Monaco,Monaco,Monaco,Mónaco,موناكو,摩纳哥,Монако,モナコ,Monako
MD,Moldova,Moldavie,Moldau,Moldavia,مولدوفا,摩尔多瓦,Молдова,モルドバ,Moldova
ME,Montenegro,Monténégro,Montenegro,Montenegro,الجبل الأسود,黑山,Черногория,モンテネグロ,Montenegro
MF,Saint Martin (French part),Saint-Martin (partie française),Saint-Martin (franz. Teil),San Martín (parte francesa),سان مارتن (الجزء الفرنسي),法属圣马丁,Сен-Мартен (фр. часть),サン・マルタン,Saint Martin (sehemu ya Ufaransa)
MG,Madagascar,Madagascar,Madagaskar,Madagascar,مدغشقر,马达加斯加,Мадагаскар,マダガスカル,Madagaska
MH,Marshall Islands,Îles Marshall,Marshallinseln,Islas Marshall,جزر مارشال,马绍尔群岛,Маршалловы Острова,マーシャル諸島,Visiwa vya Marshall
MK,North Macedonia,Macédoine du Nord,Nordmazedonien,Macedonia del Norte,مقدونيا الشمالية,北马其顿,Северная Македония,北マケドニア,Masedonia ya Kaskazini
ML,Mali,Mali,Mali,Malí,مالي,马里,Мали,マリ,Mali
MM,Myanmar,Myanmar,Myanmar,Myanmar,ميانمار,缅甸,Мьянма,ミャンマー,Myanmar
MN,Mongolia,Mongolie,Mongolei,Mongolia,منغوليا,蒙古,Монголия,モンゴル,Mongolia
MO,Macao,Macao,Macau,Macao,ماكاو,澳门,Макао,マカオ,Makao
MP,Northern Mariana Islands,Îles Mariannes du Nord,Nördliche Marianen,Islas Marianas del Norte,جزر ماريانا الشمالية,北马里亚纳群岛,Северные Марианские острова,北マリアナ諸島,Visiwa vya Mariana vya Kaskazini
MQ,Martinique,Martinique,Martinique,Martinica,مارتينيك,马提尼克,Мартиника,マルティニーク,Martiniki
MR,Mauritania,Mauritanie,Mauretanien,Mauritania,موريتانيا,毛里塔尼亚,Мавритания,モーリタニア,Moritania
MS,Montserrat,Montserrat,Montserrat,Montserrat,مونتسرات,蒙特塞拉特,Монтсеррат,モントセラト,Montserrat
MT,Malta,Malte,Malta,Malta,مالطا,马耳他,Мальта,マルタ,Malta
MU,Mauritius,Maurice,Mauritius,Mauricio,موريشيوس,毛里求斯,Маврикий,モーリシャス,Morisi
MV,Maldives,Maldives,Malediven,Maldivas,جزر المالديف,马尔代夫,Мальдивы,モルディブ,Maldivi
MW,Malawi,Malawi,Malawi,Malaui,ملاوي,马拉维,Малави,マラウイ,Malawi
MX,Mexico,Mexique,Mexiko,México,المكسيك,墨西哥,Мексика,メキシコ,Meksiko
MY,Malaysia,Malaisie,Malaysia,Malasia,ماليزيا,马来西亚,Малайзия,マレーシア,Malesia
MZ,Mozambique,Mozambique,Mosambik,Mozambique,موزمبيق,莫桑比克,Мозамбик,モザンビーク,Msumbiji
NA,Namibia,Namibie,Namibia,Namibia,ناميبيا,纳米比亚,Намибия,ナミビア,Namibia
NC,New Caledonia,Nouvelle-Calédonie,Neukaledonien,Nueva Caledonia,كاليدونيا الجديدة,新喀里多尼亚,Новая Каледония,ニューカレドニア,Nyukaledonia
NE,Niger,Niger,Niger,Níger,النيجر,尼日尔,Нигер,ニジェール,Nijeri
NF,Norfolk Island,Île Norfolk,Norfolkinsel,Isla Norfolk,جزيرة نورفولك,诺福克岛,Остров Норфолк,ノーフォーク島,Kisiwa cha Norfolk
NG,Nigeria,Nigéria,Nigeria,Nigeria,نيجيريا,尼日利亚,Нигерия,ナイジェリア,Nijeria
NI,Nicaragua,Nicaragua,Nicaragua,Nicaragua,نيكاراغوا,尼加拉瓜,Никарагуа,ニカラグア,Nikaragua
NL,Netherlands,Pays-Bas,Niederlande,Países Bajos,هولندا,荷兰,Нидерланды,オランダ,Uholanzi
NO,Norway,Norvège,Norwegen,Noruega,النرويج,挪威,Норвегия,ノルウェー,Norwe
NP,Nepal,Népal,Nepal,Nepal,نيبال,尼泊尔,Непал,ネパール,Nepali
NR,Nauru,Nauru,Nauru,Nauru,ناورو,瑙鲁,Науру,ナウル,Nauru
NT,Neutral Zone,Zone neutre,Neutrale Zone,Zona neutral,المنطقة المحايدة,中立区,Нейтральная зона,中立地帯,Eneo la Kutoegemea
NU,Niue,Niue,Niue,Niue,نييوي,纽埃,Ниуэ,ニウエ,Niue
NZ,New Zealand,Nouvelle-Zélande,Neuseeland,Nueva Zelanda,نيوزيلندا,新西兰,Новая Зеландия,ニュージーランド,Nyuzilandi
OM,Oman,Oman,Oman,Omán,عُمان,阿曼,Оман,オマーン,Omani
PA,Panama,Panama,Panama,Panamá,بنما,巴拿马,Панама,パナマ,Panama
PE,Peru,Pérou,Peru,Perú,بيرو,秘鲁,Перу,ペルー,Peru
PF,French Polynesia,Polynésie française,Französisch-Polynesien,Polinesia Francesa,بولينيزيا الفرنسية,法属波利尼西亚,Французская Полинезия,仏領ポリネシア,Polinesia ya Ufaransa
PG,Papua New Guinea,Papouasie-Nouvelle-Guinée,Papua-Neuguinea,Papúa Nueva Guinea,بابوا غينيا الجديدة,巴布亚新几内亚,Папуа — Новая Гвинея,パプアニューギニア,Papua Guinea Mpya
PH,Philippines,Philippines,Philippinen,Filipinas,الفلبين,菲律宾,Филиппины,フィリピン,Ufilipino
PK,Pakistan,Pakistan,Pakistan,Pakistán,باكستان,巴基斯坦,Пакистан,パキスタン,Pakistani
PL,Poland,Pologne,Polen,Polonia,بولندا,波兰,Польша,ポーランド,Polandi
PM,Saint Pierre and Miquelon,Saint-Pierre-et-Miquelon,Saint-Pierre und Miquelon,San Pedro y Miquelón,سان بيير وميكلون,圣皮埃尔和密克隆,Сен-Пьер и Микелон,サンピエール島・ミクロン島,Saint Pierre na Miquelon
PN,Pitcairn,Pitcairn,Pitcairninseln,Pitcairn,بيتكيرن,皮特凯恩群岛,Острова Питкэрн,ピトケアン諸島,Pitkairni
PR,Puerto Rico,Porto Rico,Puerto Rico,Puerto Rico,بورتوريكو,波多黎各,Пуэрто-Рико,プエルトリコ,Puerto Rico
PS,State of Palestine,État de Palestine,Staat Palästina,Estado de Palestina,دولة فلسطين,巴勒斯坦国,Государство Палестина,パレスチナ国,Nchi ya Palestina
PT,Portugal,Portugal,Portugal,Portugal,البرتغال,葡萄牙,Португалия,ポルトガル,Ureno
PW,Palau,Palaos,Palau,Palaos,بالاو,帕劳,Палау,パラオ,Palau
PY,Paraguay,Paraguay,Paraguay,Paraguay,باراغواي,巴拉圭,Парагвай,パラグアイ,Paragwai
QA,Qatar,Qatar,Katar,Catar,قطر,卡塔尔,Катар,カタール,Katari
QM..QZ,Private use,Usage privé,Privatnutzung,Uso privado,استخدام خاص,私人使用,Частное использование,私用,Matumizi binafsi
RE,Réunion,La Réunion,Réunion,Reunión,ريونيون,留尼汪,Реюньон,レユニオン,Reunion
RO,Romania,Roumanie,Rumänien,Rumanía,رومانيا,罗马尼亚,Румыния,ルーマニア,Romania
RS,Serbia,Serbie,Serbien,Serbia,صربيا,塞尔维亚,Сербия,セルビア,Serbia
RU,Russian Federation,Fédération de Russie,Russische Föderation,Federación de Rusia,الاتحاد الروسي,俄罗斯联邦,Российская Федерация,ロシア連邦,Shirikisho la Urusi
RW,Rwanda,Rwanda,Ruanda,Ruanda,رواندا,卢旺达,Руанда,ルワンダ,Rwanda
SA,Saudi Arabia,Arabie saoudite,Saudi-Arabien,Arabia Saudita,المملكة العربية السعودية,沙特阿拉伯,Саудовская Аравия,サウジアラビア,Saudia
SB,Solomon Islands,Îles Salomon,Salomonen,Islas Salomón,جزر سليمان,所罗门群岛,Соломоновы Острова,ソロモン諸島,Visiwa vya Solomon
SC,Seychelles,Seychelles,Seychellen,Seychelles,سيشل,塞舌尔,Сейшельские Острова,セーシェル,Shelisheli
SD,Sudan,Soudan,Sudan,Sudán,السودان,苏丹,Судан,スーダン,Sudani
SE,Sweden,Suède,Schweden,Suecia,السويد,瑞典,Швеция,スウェーデン,Uswidi
SG,Singapore,Singapour,Singapur,Singapur,سنغافورة,新加坡,Сингапур,シンガポール,Singapuri
"SH","Saint Helena, Ascension and Tristan da Cunha","Sainte-Hélène, Ascension et Tristan da Cunha","St. Helena, Ascension und Tristan da Cunha","Santa Elena, Ascensión y Tristán de Acuña",سانت هيلينا وأسنسيون وتريستان دا كونا,圣赫勒拿阿森松和特里斯坦-达库尼亚,"Острова Святой Елены, Вознесения и Тристан-да-Кунья",セントヘレナ・アセンションおよびトリスタンダクーニャ,Saint Helena Ascension na Tristan da Cunha
SI,Slovenia,Slovénie,Slowenien,Eslovenia,سلوفينيا,斯洛文尼亚,Словения,スロベニア,Slovenia
SJ,Svalbard and Jan Mayen,Svalbard et Jan Mayen,Svalbard und Jan Mayen,Svalbard y Jan Mayen,سفالبارد ويان ماين,斯瓦尔巴和扬马延,Шпицберген и Ян-Майен,スヴァールバル諸島・ヤンマイエン島,Svalbard na Jan Mayen
SK,Slovakia,Slovaquie,Slowakei,Eslovaquia,سلوفاكيا,斯洛伐克,Словакия,スロバキア,Slovakia
SL,Sierra Leone,Sierra Leone,Sierra Leone,Sierra Leona,سيراليون,塞拉利昂,Сьерра-Леоне,シエラレオネ,Siera Leoni
SM,San Marino,Saint-Marin,San Marino,San Marino,سان مارينو,圣马力诺,Сан-Марино,サンマリノ,San Marino
SN,Senegal,Sénégal,Senegal,Senegal,السنغال,塞内加尔,Сенегал,セネガル,Senegali
SO,Somalia,Somalie,Somalia,Somalia,الصومال,索马里,Сомали,ソマリア,Somalia
SR,Suriname,Suriname,Suriname,Surinam,سورينام,苏里南,Суринам,スリナム,Surinamu
SS,South Sudan,Soudan du Sud,Südsudan,Sudán del Sur,جنوب السودان,南苏丹,Южный Судан,南スーダン,Sudani Kusini
ST,Sao Tome and Principe,Sao Tomé-et-Príncipe,São Tomé und Príncipe,Santo Tomé y Príncipe,ساو تومي وبرينسيبي,圣多美和普林西比,Сан-Томе и Принсипи,サントメ・プリンシペ,Sao Tome na Principe
SU,Union of Soviet Socialist Republics,Union des républiques socialistes soviétiques,Union der Sozialistischen Sowjetrepubliken,Unión de Repúblicas Socialistas Soviéticas,اتحاد الجمهوريات الاشتراكية السوفيتية,苏维埃社会主义共和国联盟,Союз Советских Социалистических Республик,ソビエト社会主義共和国連邦,Muungano wa Jamhuri za Kisoshalisti za Sovieti
SV,El Salvador,El Salvador,El Salvador,El Salvador,السلفادور,萨尔瓦多,Сальвадор,エルサルバドル,El Salvador
SX,Sint Maarten (Dutch part),Saint-Martin (partie néerlandaise),Sint Maarten (niederl. Teil),San Martín (parte neerlandesa),سينت مارتن (الجزء الهولندي),荷属圣马丁,Синт-Мартен (нидерл. часть),シント・マールテン,Sint Maarten (sehemu ya Kiholanzi)
SY,Syrian Arab Republic,République arabe syrienne,Arabische Republik Syrien,República Árabe Siria,الجمهورية العربية السورية,阿拉伯叙利亚共和国,Сирийская Арабская Республика,シリア・アラブ共和国,Jamhuri ya Kiarabu ya Syria
SZ,Eswatini,Eswatini,Eswatini,Esuatini,إسواتيني,斯威士兰,Эсватини,エスワティニ,Eswatini
TA,Tristan da Cunha,Tristan da Cunha,Tristan da Cunha,Tristán de Acuña,تريستان دا كونا,特里斯坦-达库尼亚,Тристан-да-Кунья,トリスタンダクーニャ,Tristan da Cunha
TC,Turks and Caicos Islands,Îles Turques-et-Caïques,Turks- und Caicosinseln,Islas Turcas y Caicos,جزر تركس وكايكوس,特克斯和凯科斯群岛,Тёркс и Кайкос,タークス・カイコス諸島,Visiwa vya Turks na Caicos
TD,Chad,Tchad,Tschad,Chad,تشاد,乍得,Чад,チャド,Chadi
TF,French Southern Territories,Terres australes françaises,Französische Südgebiete,Tierras Australes Francesas,الأراضي الفرنسية الجنوبية,法属南部领地,Французские Южные Территории,仏領南方地域,Maeneo ya Kusini ya Ufaransa
TG,Togo,Togo,Togo,Togo,توغو,多哥,Того,トーゴ,Togo
TH,Thailand,Thaïlande,Thailand,Tailandia,تايلاند,泰国,Таиланд,タイ,Thailandi
TJ,Tajikistan,Tadjikistan,Tadschikistan,Tayikistán,طاجيكستان,塔吉克斯坦,Таджикистан,タジキスタン,Tajikistani
TK,Tokelau,Tokelau,Tokelau,Tokelau,توكيلاو,托克劳,Токелау,トケラウ,Tokelau
TL,Timor-Leste,Timor-Leste,Timor-Leste,Timor-Leste,تيمور الشرقية,东帝汶,Тимор-Лешти,東ティモール,Timor-Leste
TM,Turkmenistan,Turkménistan,Turkmenistan,Turkmenistán,تركمانستان,土库曼斯坦,Туркменистан,トルクメニスタン,Turukimenistani
TN,Tunisia,Tunisie,Tunesien,Túnez,تونس,突尼斯,Тунис,チュニジア,Tunisia
TO,Tonga,Tonga,Tonga,Tonga,تونغا,汤加,Тонга,トンガ,Tonga
TP,East Timor,Timor oriental,Osttimor,Timor Oriental,تيمور الشرقية,东帝汶,Восточный Тимор,東ティモール,Timor ya Mashariki
TR,Türkiye,Türkiye,Türkiye,Türkiye,تركيا,土耳其,Турция,トルコ,Uturuki
TT,Trinidad and Tobago,Trinité-et-Tobago,Trinidad und Tobago,Trinidad y Tobago,ترينيداد وتوباغو,特立尼达和多巴哥,Тринидад и Тобаго,トリニダード・トバゴ,Trinidad na Tobago
TV,Tuvalu,Tuvalu,Tuvalu,Tuvalu,توفالو,图瓦卢,Тувалу,ツバル,Tuvalu
"TW","Taiwan, Province of China","Taïwan, province de Chine","Taiwan, Provinz Chinas","Taiwán, provincia de China",تايوان,中国台湾省,"Тайвань, провинция Китая",台湾,Taiwan
TZ,United Republic of Tanzania,République-Unie de Tanzanie,Vereinigte Republik Tansania,República Unida de Tanzania,جمهورية تنزانيا المتحدة,坦桑尼亚联合共和国,Объединённая Республика Танзания,タンザニア連合共和国,Jamhuri ya Muungano wa Tanzania
UA,Ukraine,Ukraine,Ukraine,Ucrania,أوكرانيا,乌克兰,Украина,ウクライナ,Ukraine
UG,Uganda,Ouganda,Uganda,Uganda,أوغندا,乌干达,Уганда,ウガンダ,Uganda
UM,United States Minor Outlying Islands,Îles mineures éloignées des États-Unis,Kleinere Amerikanische Überseeinseln,Islas Ultramarinas Menores de Estados Unidos,جزر الولايات المتحدة الصغيرة النائية,美国本土外小岛屿,Малые Тихоокеанские Отдалённые Острова США,合衆国領有小離島,Visiwa Vidogo vya Nje vya Marekani
UN,United Nations,Nations Unies,Vereinte Nationen,Naciones Unidas,الأمم المتحدة,联合国,Организация Объединённых Наций,国際連合,Umoja wa Mataifa
US,United States,États-Unis,Vereinigte Staaten,Estados Unidos,الولايات المتحدة,美国,Соединённые Штаты,アメリカ合衆国,Marekani
UY,Uruguay,Uruguay,Uruguay,Uruguay,أوروغواي,乌拉圭,Уругвай,ウルグアイ,Urugwai
UZ,Uzbekistan,Ouzbékistan,Usbekistan,Uzbekistán,أوزبكستان,乌兹别克斯坦,Узбекистан,ウズベキスタン,Uzibekistani
VA,Holy See (Vatican City State),Saint-Siège (État de la Cité du Vatican),Heiliger Stuhl (Staat Vatikanstadt),Santa Sede (Estado de la Ciudad del Vaticano),الكرسي الرسولي (دولة مدينة الفاتيكان),梵蒂冈,Святой Престол (Государство Ватикан),バチカン市国,Vatican
VC,Saint Vincent and the Grenadines,Saint-Vincent-et-les-Grenadines,St. Vincent und die Grenadinen,San Vicente y las Granadinas,سانت فنسنت وجزر غرينادين,圣文森特和格林纳丁斯,Сент-Винсент и Гренадины,セントビンセント・グレナディーン,Saint Vincent na Grenadini
VE,Venezuela,Venezuela,Venezuela,Venezuela,فنزويلا,委内瑞拉,Венесуэла,ベネズエラ,Venezuela
VG,British Virgin Islands,Îles Vierges britanniques,Britische Jungferninseln,Islas Vírgenes Británicas,جزر العذراء البريطانية,英属维尔京群岛,Британские Виргинские острова,英領ヴァージン諸島,Visiwa vya Virgin vya Uingereza
VI,U.S. Virgin Islands,Îles Vierges américaines,Amerikanische Jungferninseln,Islas Vírgenes de los Estados Unidos,جزر العذراء الأمريكية,美属维尔京群岛,Виргинские острова США,米領ヴァージン諸島,Visiwa vya Virgin vya Marekani
VN,Viet Nam,Viêt Nam,Vietnam,Vietnam,فيتنام,越南,Вьетнам,ベトナム,Vietnamu
VU,Vanuatu,Vanuatu,Vanuatu,Vanuatu,فانواتو,瓦努阿图,Вануату,バヌアツ,Vanuatu
WF,Wallis and Futuna,Wallis-et-Futuna,Wallis und Futuna,Wallis y Futuna,واليس وفوتونا,瓦利斯和富图纳,Уоллис и Футуна,ウォリス・フツナ,Wallis na Futuna
WS,Samoa,Samoa,Samoa,Samoa,ساموا,萨摩亚,Самоа,サモア,Samoa
YD,Democratic Yemen,Yémen démocratique,Demokratischer Jemen,Yemen Democrático,اليمن الديمقراطي,民主也门,Демократический Йемен,民主イエメン,Yemen ya Kidemokrasia
YE,Yemen,Yémen,Jemen,Yemen,اليمن,也门,Йемен,イエメン,Yemen
YT,Mayotte,Mayotte,Mayotte,Mayotte,مايوت,马约特,Майотта,マヨット,Mayotte
YU,Yugoslavia,Yougoslavie,Jugoslawien,Yugoslavia,يوغوسلافيا,南斯拉夫,Югославия,ユーゴスラビア,Yugoslavia
ZA,South Africa,Afrique du Sud,Südafrika,Sudáfrica,جنوب أفريقيا,南非,Южная Африка,南アフリカ,Afrika Kusini
ZM,Zambia,Zambie,Sambia,Zambia,زامبيا,赞比亚,Замбия,ザンビア,Zambia
ZR,Zaire,Zaïre,Zaire,Zaire,زائير,扎伊尔,Заир,ザイール,Zaire
ZW,Zimbabwe,Zimbabwe,Simbabwe,Zimbabue,زيمبابوي,津巴布韦,Зимбабве,ジンバブエ,Zimbabwe